tool,id,input,reference,output,retrieved_contexts,answer_length_execution_details,contains_finance_terms_execution_details,answer_length_score,contains_finance_terms_score,hallucination_label,hallucination_score,hallucination_explanation,qa_label,qa_score,qa_explanation,relevance_label,relevance_score,relevance_explanation
phoenix_gpt5mini_grounded,FSR-Q01,Financial Stability Report 的主要目的為何？,該報告用於呈現聯準會對美國金融系統韌性的評估，並提升透明度與公眾理解。,本報告呈現聯準會現行對美國金融體系韌性的評估，藉由發布本報告以促進公眾理解並增加透明度與問責，說明聯準會對此議題的看法。[E1],"['................. 55 The Financial Stability Oversight Council’s Climate Report and the Federal Reserve’s Actions...................................... 62 Cyber Risk and Financial Stability................................. 64 Salient Shocks to Financial Stability Cited in Market Outreach .......... 67 Boxes 1 Purpose This report presents the Federal Reserve Board’s current assessment of the resilience of the U.S. financial system. By publishing this report, the Board intends to promote public under- standing and increase transparency and accountability for the Federal Reserve’s views on this topic. Promoting financial stability is a key eleme', 'ng those available through other U.S. government agencies, that are needed to support the Federal Reserve’s efforts to understand the fi nancial and economic risks associated with climate change. 1 See Financial Stability oversight Council (2021), Report on Climate-Related Financial Risk (washington: FSoC, october), treasury.gov/system/files/261/FSoC-Climate-report.pdf. 2 See the box “The Implications of Climate Change for Financial Stability” in of the Federal reserve System (2020), (washington: , November), pp. 58–59, november-financial-stability-report-purpose.htm. 3 See Federal reserve Bank of New York (2021), “kevin Stiroh to Step Down a', 'ge for Financial Stability” in of the Federal reserve System (2020), (washington: , November), pp. 58–59, november-financial-stability-report-purpose.htm. 3 See Federal reserve Bank of New York (2021), “kevin Stiroh to Step Down as Head of New York Fed Supervision to assume New System Leadership role at on Climate,” press release, January 25, news/aboutthefed/2021/20210125; and Lael Brainard (2021), “Financial Stability Implications of Climate Change,” speech delivered at “Transform Tomorrow Today,” Ceres 2021 Conference, Boston, march 23, brainard20210323a.htm. (continued) FINaNCIaL ST aBILITY rePor T: NoVemBer 2021 63 Enhancing climate-rela', 'em (2021), (Washington: , May), pp. 55–58, https:// www.federalreserve.gov/publications/files/financial-stability-report-20210506.pdf. 25 See Financial Stability Board (2021), Policy Proposals to Enhance Money Market Fund Resilience (Basel: FSB, October), Also, see President’s Working Group on Financial Markets (2020), Report of the President’s Working Group on Financial Markets: Overview of Recent Events and Potential Reform Options for Money Market Funds (Washington: PWG, December), Dec-2020.pdf. 4-4. Domestic money market Fund assets Billions of dollars (real) 0 750 1500 2250 3000 3750 4500 5250 6000 2001 2003 2005 2007 2009 2011 2013 2015']","{'status': 'COMPLETED', 'exceptions': [], 'execution_seconds': 0.0011990070343017578}","{'status': 'COMPLETED', 'exceptions': [], 'execution_seconds': 0.00015997886657714844}","{'name': 'answer_length', 'score': 64.0, 'metadata': {}, 'kind': 'code', 'direction': 'neutral'}","{'name': 'contains_finance_terms', 'score': 1.0, 'label': 'True', 'metadata': {}, 'kind': 'code', 'direction': 'maximize'}",hallucinated,1,"To determine if the answer is factual or hallucinated, we need to compare it with the reference text. The query asks for the main purpose of the Financial Stability Report. The reference text states that the report is used to present the Federal Reserve's assessment of the resilience of the U.S. financial system and to enhance transparency and public understanding. The answer states that the report presents the Federal Reserve's current assessment of the resilience of the U.S. financial system, promotes public understanding, increases transparency, and accountability, and explains the Federal Reserve's views on the issue. The reference text does not mention 'accountability' or 'explaining the Federal Reserve's views on the issue.' These additions in the answer are not supported by the reference text, indicating that the answer contains hallucinated information.",correct,1,"To determine if the answer is correct, we need to compare it with the reference text and see if it fully addresses the question. The question asks for the main purpose of the Financial Stability Report. 

The reference text states that the report is used to present the Federal Reserve's assessment of the resilience of the U.S. financial system and to enhance transparency and public understanding.

The answer states that the report presents the Federal Reserve's current assessment of the resilience of the U.S. financial system and aims to promote public understanding and increase transparency and accountability, explaining the Federal Reserve's views on the issue.

Both the reference text and the answer mention the presentation of the Federal Reserve's assessment of the financial system's resilience and the goals of enhancing transparency and public understanding. The answer also adds the aspect of increasing accountability, which aligns with the general purpose of such reports.

Therefore, the answer correctly and fully addresses the question based on the reference text.",relevant,1,"The question asks about the main purpose of the 'Financial Stability Report'. The reference text provides information about the purpose of the report, stating that it is used to present the Federal Reserve's assessment of the resilience of the U.S. financial system and to enhance transparency and public understanding. This directly addresses the question by explaining the main objectives of the report, thus making the reference text relevant to the question."
phoenix_gpt5mini_grounded,FSR-Q02,報告如何描述金融穩定與聯準會雙重使命的關係？,金融穩定有助於實現充分就業與物價穩定；金融不穩定會干擾信貸流動並造成失業與經濟困難。,報告指出，促進金融穩定是聯準會在達成貨幣政策雙重任務（充分就業與物價穩定）中的重要要素，且在金融體系不穩定時，衝擊易導致信貸中斷、嚴重失業與重大經濟困難，監測評估金融穩定也支持聯準會的監管與監督活動。[E1][E2],"['ancial system. By publishing this report, the Board intends to promote public under- standing and increase transparency and accountability for the Federal Reserve’s views on this topic. Promoting financial stability is a key element in meeting the Federal Reserve’s dual mandate for monetary policy regarding full employment and stable prices. In an unstable financial system, adverse events are more likely to result in severe financial stress and disrupt the flow of credit, leading to high unemployment and great financial hardship. Monitoring and assessing financial stability also support the Federal Reserve’s regulatory and supervisory activit', '................. 55 The Financial Stability Oversight Council’s Climate Report and the Federal Reserve’s Actions...................................... 62 Cyber Risk and Financial Stability................................. 64 Salient Shocks to Financial Stability Cited in Market Outreach .......... 67 Boxes 1 Purpose This report presents the Federal Reserve Board’s current assessment of the resilience of the U.S. financial system. By publishing this report, the Board intends to promote public under- standing and increase transparency and accountability for the Federal Reserve’s views on this topic. Promoting financial stability is a key eleme', 'ng those available through other U.S. government agencies, that are needed to support the Federal Reserve’s efforts to understand the fi nancial and economic risks associated with climate change. 1 See Financial Stability oversight Council (2021), Report on Climate-Related Financial Risk (washington: FSoC, october), treasury.gov/system/files/261/FSoC-Climate-report.pdf. 2 See the box “The Implications of Climate Change for Financial Stability” in of the Federal reserve System (2020), (washington: , November), pp. 58–59, november-financial-stability-report-purpose.htm. 3 See Federal reserve Bank of New York (2021), “kevin Stiroh to Step Down a', 'ge for Financial Stability” in of the Federal reserve System (2020), (washington: , November), pp. 58–59, november-financial-stability-report-purpose.htm. 3 See Federal reserve Bank of New York (2021), “kevin Stiroh to Step Down as Head of New York Fed Supervision to assume New System Leadership role at on Climate,” press release, January 25, news/aboutthefed/2021/20210125; and Lael Brainard (2021), “Financial Stability Implications of Climate Change,” speech delivered at “Transform Tomorrow Today,” Ceres 2021 Conference, Boston, march 23, brainard20210323a.htm. (continued) FINaNCIaL ST aBILITY rePor T: NoVemBer 2021 63 Enhancing climate-rela']","{'status': 'COMPLETED', 'exceptions': [], 'execution_seconds': 0.00010585784912109375}","{'status': 'COMPLETED', 'exceptions': [], 'execution_seconds': 8.58306884765625e-05}","{'name': 'answer_length', 'score': 108.0, 'metadata': {}, 'kind': 'code', 'direction': 'neutral'}","{'name': 'contains_finance_terms', 'score': 1.0, 'label': 'True', 'metadata': {}, 'kind': 'code', 'direction': 'maximize'}",hallucinated,1,"To determine if the answer is factual or hallucinated, we need to compare it with the reference text. The query asks about the relationship between financial stability and the Federal Reserve's dual mandate. The reference text states that financial stability aids in achieving full employment and price stability, and that financial instability disrupts credit flow and causes unemployment and economic hardship. The answer correctly states that promoting financial stability is important for achieving the Federal Reserve's dual mandate of full employment and price stability. It also accurately mentions that financial instability can lead to credit disruptions, severe unemployment, and significant economic difficulties. However, the answer adds that monitoring and assessing financial stability supports the Federal Reserve's regulatory and supervisory activities, which is not mentioned in the reference text. This additional information is not supported by the reference text, making the answer partially hallucinated.",correct,1,"The question asks about how the report describes the relationship between financial stability and the Federal Reserve's dual mandate. The reference text states that financial stability aids in achieving full employment and price stability, and that financial instability disrupts credit flow, causing unemployment and economic hardship. The answer provided states that promoting financial stability is an important element in achieving the Federal Reserve's dual mandate of full employment and price stability. It also mentions that instability can lead to credit disruptions, severe unemployment, and significant economic difficulties, which aligns with the reference text. Additionally, the answer includes that monitoring and assessing financial stability supports the Federal Reserve's regulatory and supervisory activities, which, while not explicitly mentioned in the reference, is a logical extension of the role of financial stability in the context of the Federal Reserve's activities. Therefore, the answer correctly captures the essence of the relationship as described in the reference text.",relevant,1,"The question asks about the relationship between financial stability and the Federal Reserve's dual mandate, which includes full employment and price stability. The reference text states that financial stability contributes to achieving full employment and price stability, and that financial instability disrupts credit flow, leading to unemployment and economic difficulties. This directly addresses the question by explaining how financial stability is related to the Federal Reserve's goals of full employment and price stability."
phoenix_gpt5mini_grounded,FSR-Q03,報告框架如何區分 shocks 與 vulnerabilities？,shocks 是難以預測的突發事件；vulnerabilities 是隨時間累積、在壓力情境下更可能擴散風險的結構弱點。,框架將「shocks」定義為通常難以預測的突發性變化（例如突發的金融或經濟情況或網路事件），而「vulnerabilities」則是隨時間累積、在壓力時最可能引起廣泛問題的系統或公司層面弱點；因此框架主要監測脆弱性並強調兩者區別與傳播路徑 [E1][E2].,"['pting the flow of credit and leading to declines in employment and economic activity. Consistent with this view of financial stability, the Federal Reserve Board’s monitoring framework distinguishes between shocks to and vulnerabilities of the financial system. Shocks, such as sudden changes to financial or economic conditions, are typically surprises and are inherently difficult to predict. Vulnerabilities tend to build up over time and are the aspects of the financial system that are most expected to cause widespread problems in times of stress. As a result, the framework focuses primarily on monitoring vulnerabilities and emphasizes four b', 'ST aBILITY rePor T: NoVemBer 2021 65 Cyber risk in the Federal Reserve framework The Federal Reserve’s fi nancial stability monitoring framework distinguishes between shocks to and vulnerabilities of the fi nancial system. That framework naturally translates to considering cyber risk to fi nancial stability (fi gure A). Shocks associated with cyber risk are cyber events—occurrences, whether malicious or not, in an information system or network. Cyber events can be external or internal in origin. For a cyber event to affect fi nancial stability, it must fi rst exploit fi rm-level vulnerabilities so that the event becomes an incident—an event t', 'em, four examples illustrate the application of the framework and the ways in which a more signifi cant incident may do so. The (continued on next page) . Transmission of Cyber Shocks to Affect Financial Stability Shocks Vulnerabilities Implications Firm Level System Level Cyber events are occurrences, malicious or not, within an information system or network. weaknesses in a firm’s controls, defenses, and recovery ability can allow cyber events to become cyber incidents, impairing operations (for example, by causing a loss of funds or data, corrupting data, halting operations, or causing other monetary or reputational losses). Financial syst', 'mproved, the expiration of assistance programs may cause additional financial stress for some households The financial position of many households has continued to improve since the previous , supported by pandemic stimulus programs, a recovering economy, and rising house prices. Still, some households remain financially strained and more vulner- able to future shocks. These vulnerabilities may be increased by the expiration of expanded unemployment programs, loan forbearance, and eviction moratoria as well as by a potential worsening of the public health situation, especially for low-income households. 9 According to S&P Leveraged Commentary']","{'status': 'COMPLETED', 'exceptions': [], 'execution_seconds': 7.987022399902344e-05}","{'status': 'COMPLETED', 'exceptions': [], 'execution_seconds': 8.511543273925781e-05}","{'name': 'answer_length', 'score': 129.0, 'metadata': {}, 'kind': 'code', 'direction': 'neutral'}","{'name': 'contains_finance_terms', 'score': 1.0, 'label': 'True', 'metadata': {}, 'kind': 'code', 'direction': 'maximize'}",hallucinated,1,"The query asks how the framework distinguishes between 'shocks' and 'vulnerabilities'. The reference text defines 'shocks' as unpredictable sudden events and 'vulnerabilities' as structural weaknesses that accumulate over time and are more likely to spread risk under stress. The answer provided expands on these definitions by adding examples of 'shocks' (such as financial or economic situations or network events) and describes 'vulnerabilities' as weaknesses at the system or company level that can cause widespread issues under stress. However, the reference text does not mention these specific examples or the system or company level context. Additionally, the answer claims that the framework monitors vulnerabilities and emphasizes the distinction and propagation paths between the two, which is not mentioned in the reference text. Therefore, the answer includes information not present in the reference text, making it a hallucination.",correct,1,"To determine if the answer is correct, we need to compare the definitions provided in the answer with those in the reference text.

1. The reference text defines ""shocks"" as ""難以預測的突發事件"" which translates to ""unpredictable sudden events."" The answer describes ""shocks"" as ""通常難以預測的突發性變化（例如突發的金融或經濟情況或網路事件）"" which translates to ""usually unpredictable sudden changes (such as sudden financial or economic situations or network events)."" This aligns well with the reference text's definition.

2. The reference text defines ""vulnerabilities"" as ""隨時間累積、在壓力情境下更可能擴散風險的結構弱點"" which translates to ""structural weaknesses that accumulate over time and are more likely to spread risk under stress scenarios."" The answer describes ""vulnerabilities"" as ""隨時間累積、在壓力時最可能引起廣泛問題的系統或公司層面弱點"" which translates to ""system or company-level weaknesses that accumulate over time and are most likely to cause widespread problems under stress."" This is consistent with the reference text's definition.

3. The answer also mentions that the framework mainly monitors vulnerabilities and emphasizes the distinction and transmission paths between the two, which is a logical extension of the definitions provided, although this specific detail is not mentioned in the reference text.

Overall, the answer correctly captures the essence of the definitions provided in the reference text and provides a coherent explanation of the framework's approach to distinguishing between shocks and vulnerabilities.",relevant,1,"The question asks how a report framework distinguishes between 'shocks' and 'vulnerabilities'. The reference text provides definitions for both terms: 'shocks' are described as unpredictable sudden events, while 'vulnerabilities' are structural weaknesses that accumulate over time and are more likely to spread risk under stress. This directly addresses the question by explaining the difference between the two concepts, which is what the question is asking about."
phoenix_gpt5mini_grounded,FSR-Q04,報告中的第一類脆弱性是什麼？,第一類是 elevated valuation pressures，指資產估值相對基本面偏高，可能導致價格大幅修正。,我不知道（證據不足）,"['op. UCITs is undertakings for the collective investment in transferable securities. FINaNCIaL ST aBILITY rePor T: ma Y 2021 77 LIBOR Transition Update The key identifies bars in order from bottom to top. SOFR is secured overnight financ ing rate. SOFR is secured overnight financing rate. The key identifies bars in order from bottom to top. Salient Shocks to Financial Stability Cited in Market Outreach Responses are to the following question: “Over the next 12 to 18 months, which shocks, if realized, do you think would have the greatest negative effect on the functioning of the U.S. financial system?” EME is emerging market economy. Responses', 'coverage ratios have largely returned to pre-pandemic levels. After jumping in mid-2020, business debt has since decreased on net. This decrease, combined with the continued recovery of earnings, the low level of interest rates, support from the Paycheck Protection Program (PPP), and fiscal stimulus, has helped restore the balance sheets of busi- nesses. Nonetheless, risks to the economic outlook remain, particularly for industries most affected by the pandemic and for small businesses. Key measures of household vulnerability have also largely returned to pre-pandemic levels. A combination of extensions in borrower relief programs, fiscal st', 'd bond funds that invest in a broad range of U.S. securities experienced large outfl ows during this period. 6 Because of data limitations, it is not possible to get a comprehensive breakdown of foreign private investors’ holdings of u.S. Treasury securities by type of investor (for example, deposit-taking institutions, insurance companies, pension funds, and nonfinancial cor- porations). Institution-level data provide only a very partial picture of these holdings. Sales of u.S. Treasury securities by the foreign- domiciled bond funds included in our analysis totaled only $11 billion in march 2020, compared with total estimated sales by forei', 'de only a very partial picture of these holdings. Sales of u.S. Treasury securities by the foreign- domiciled bond funds included in our analysis totaled only $11 billion in march 2020, compared with total estimated sales by foreign private investors of almost $190 billion. (continued) The Role of Foreign Investors in the March/uni00A02020 Turmoil (continued) . Cumulative Net Flows to Foreign-Domiciled Bond Funds −60 −40 −20 0 20 40 Jan. 2020 Feb. 2020 Mar. 2020 Apr. 2020 May 2020 Daily Billions of dollars +3 in March −78 in March Foreign-domiciled funds focused on U.S. government securities Other foreign-domiciled bond funds Source: ePFr Glo']","{'status': 'COMPLETED', 'exceptions': [], 'execution_seconds': 7.724761962890625e-05}","{'status': 'COMPLETED', 'exceptions': [], 'execution_seconds': 7.700920104980469e-05}","{'name': 'answer_length', 'score': 10.0, 'metadata': {}, 'kind': 'code', 'direction': 'neutral'}","{'name': 'contains_finance_terms', 'score': 0.0, 'label': 'False', 'metadata': {}, 'kind': 'code', 'direction': 'maximize'}",hallucinated,1,"The query asks about the first type of vulnerability mentioned in a report. The reference text clearly states that the first type is 'elevated valuation pressures,' which refers to asset valuations being high relative to fundamentals, potentially leading to significant price corrections. The answer provided is 'I don't know (insufficient evidence),' which does not align with the information given in the reference text. The reference text provides a clear answer to the query, but the answer given does not reflect this information and instead claims a lack of evidence. Therefore, the answer is not based on the reference text and is considered a hallucination.",incorrect,0,"The question asks about the first type of vulnerability mentioned in a report. The reference text provides a specific answer to this question: ""第一類是 elevated valuation pressures，指資產估值相對基本面偏高，可能導致價格大幅修正。"" This translates to ""The first type is elevated valuation pressures, which means asset valuations are high relative to fundamentals, potentially leading to significant price corrections."" The answer given is ""我不知道（證據不足）"" which translates to ""I don't know (insufficient evidence)."" This answer does not provide the information that is clearly available in the reference text. Therefore, the answer does not correctly answer the question based on the reference text.",relevant,1,"The question asks about the first type of vulnerability mentioned in a report. The reference text provides information about the first type of vulnerability, which is 'elevated valuation pressures.' It explains that this refers to asset valuations being high relative to fundamentals, which could lead to significant price corrections. This directly answers the question by identifying and describing the first type of vulnerability."
phoenix_gpt5mini_grounded,FSR-Q05,第二類脆弱性在報告中如何定義？,第二類是企業與家戶過度借貸，當收入下滑或資產價值下降時容易造成支出縮減與違約風險。,我不知道（證據不足）,"['op. UCITs is undertakings for the collective investment in transferable securities. FINaNCIaL ST aBILITY rePor T: ma Y 2021 77 LIBOR Transition Update The key identifies bars in order from bottom to top. SOFR is secured overnight financ ing rate. SOFR is secured overnight financing rate. The key identifies bars in order from bottom to top. Salient Shocks to Financial Stability Cited in Market Outreach Responses are to the following question: “Over the next 12 to 18 months, which shocks, if realized, do you think would have the greatest negative effect on the functioning of the U.S. financial system?” EME is emerging market economy. Responses', 'coverage ratios have largely returned to pre-pandemic levels. After jumping in mid-2020, business debt has since decreased on net. This decrease, combined with the continued recovery of earnings, the low level of interest rates, support from the Paycheck Protection Program (PPP), and fiscal stimulus, has helped restore the balance sheets of busi- nesses. Nonetheless, risks to the economic outlook remain, particularly for industries most affected by the pandemic and for small businesses. Key measures of household vulnerability have also largely returned to pre-pandemic levels. A combination of extensions in borrower relief programs, fiscal st', 'd bond funds that invest in a broad range of U.S. securities experienced large outfl ows during this period. 6 Because of data limitations, it is not possible to get a comprehensive breakdown of foreign private investors’ holdings of u.S. Treasury securities by type of investor (for example, deposit-taking institutions, insurance companies, pension funds, and nonfinancial cor- porations). Institution-level data provide only a very partial picture of these holdings. Sales of u.S. Treasury securities by the foreign- domiciled bond funds included in our analysis totaled only $11 billion in march 2020, compared with total estimated sales by forei', 'de only a very partial picture of these holdings. Sales of u.S. Treasury securities by the foreign- domiciled bond funds included in our analysis totaled only $11 billion in march 2020, compared with total estimated sales by foreign private investors of almost $190 billion. (continued) The Role of Foreign Investors in the March/uni00A02020 Turmoil (continued) . Cumulative Net Flows to Foreign-Domiciled Bond Funds −60 −40 −20 0 20 40 Jan. 2020 Feb. 2020 Mar. 2020 Apr. 2020 May 2020 Daily Billions of dollars +3 in March −78 in March Foreign-domiciled funds focused on U.S. government securities Other foreign-domiciled bond funds Source: ePFr Glo']","{'status': 'COMPLETED', 'exceptions': [], 'execution_seconds': 7.510185241699219e-05}","{'status': 'COMPLETED', 'exceptions': [], 'execution_seconds': 7.295608520507812e-05}","{'name': 'answer_length', 'score': 10.0, 'metadata': {}, 'kind': 'code', 'direction': 'neutral'}","{'name': 'contains_finance_terms', 'score': 0.0, 'label': 'False', 'metadata': {}, 'kind': 'code', 'direction': 'maximize'}",factual,0,"The query asks for the definition of the second type of vulnerability as described in the report. The reference text provides a clear definition of the second type of vulnerability, which is related to excessive borrowing by businesses and households, leading to risks of reduced spending and default when income falls or asset values decline. The answer provided is ""I don't know (insufficient evidence),"" which does not attempt to define the second type of vulnerability. Since the answer does not provide any information that contradicts the reference text or invents new information, it is not a hallucination. Instead, it simply states a lack of knowledge or evidence, which is consistent with not providing an answer based on the reference text. Therefore, the answer is factual in the sense that it does not introduce false information.",incorrect,0,"The question asks for the definition of the second type of vulnerability as described in the report. The reference text provides a clear definition: ""第二類是企業與家戶過度借貸，當收入下滑或資產價值下降時容易造成支出縮減與違約風險。"" This translates to the second type being excessive borrowing by businesses and households, which can lead to reduced spending and default risk when income falls or asset values decline. The answer provided is ""我不知道（證據不足）"" which means ""I don't know (insufficient evidence)."" This answer does not address the question at all, as the reference text clearly provides the necessary information to define the second type of vulnerability. Therefore, the answer is incorrect because it fails to utilize the available information to answer the question.",relevant,1,"The question asks for the definition of the second type of vulnerability as described in a report. The reference text provides a definition of the second type of vulnerability, which is related to excessive borrowing by businesses and households, leading to risks when income falls or asset values decline. This directly answers the question by defining the second type of vulnerability."
phoenix_gpt5mini_grounded,FSR-Q06,第三類脆弱性與金融機構行為有何關聯？,第三類是金融部門過度槓桿，遭遇損失時可能被迫縮減放貸、拋售資產，進而壓縮實體經濟信用供給。,我不知道（證據不足）,"['op. UCITs is undertakings for the collective investment in transferable securities. FINaNCIaL ST aBILITY rePor T: ma Y 2021 77 LIBOR Transition Update The key identifies bars in order from bottom to top. SOFR is secured overnight financ ing rate. SOFR is secured overnight financing rate. The key identifies bars in order from bottom to top. Salient Shocks to Financial Stability Cited in Market Outreach Responses are to the following question: “Over the next 12 to 18 months, which shocks, if realized, do you think would have the greatest negative effect on the functioning of the U.S. financial system?” EME is emerging market economy. Responses', 'coverage ratios have largely returned to pre-pandemic levels. After jumping in mid-2020, business debt has since decreased on net. This decrease, combined with the continued recovery of earnings, the low level of interest rates, support from the Paycheck Protection Program (PPP), and fiscal stimulus, has helped restore the balance sheets of busi- nesses. Nonetheless, risks to the economic outlook remain, particularly for industries most affected by the pandemic and for small businesses. Key measures of household vulnerability have also largely returned to pre-pandemic levels. A combination of extensions in borrower relief programs, fiscal st', 'd bond funds that invest in a broad range of U.S. securities experienced large outfl ows during this period. 6 Because of data limitations, it is not possible to get a comprehensive breakdown of foreign private investors’ holdings of u.S. Treasury securities by type of investor (for example, deposit-taking institutions, insurance companies, pension funds, and nonfinancial cor- porations). Institution-level data provide only a very partial picture of these holdings. Sales of u.S. Treasury securities by the foreign- domiciled bond funds included in our analysis totaled only $11 billion in march 2020, compared with total estimated sales by forei', 'de only a very partial picture of these holdings. Sales of u.S. Treasury securities by the foreign- domiciled bond funds included in our analysis totaled only $11 billion in march 2020, compared with total estimated sales by foreign private investors of almost $190 billion. (continued) The Role of Foreign Investors in the March/uni00A02020 Turmoil (continued) . Cumulative Net Flows to Foreign-Domiciled Bond Funds −60 −40 −20 0 20 40 Jan. 2020 Feb. 2020 Mar. 2020 Apr. 2020 May 2020 Daily Billions of dollars +3 in March −78 in March Foreign-domiciled funds focused on U.S. government securities Other foreign-domiciled bond funds Source: ePFr Glo']","{'status': 'COMPLETED', 'exceptions': [], 'execution_seconds': 7.390975952148438e-05}","{'status': 'COMPLETED', 'exceptions': [], 'execution_seconds': 7.724761962890625e-05}","{'name': 'answer_length', 'score': 10.0, 'metadata': {}, 'kind': 'code', 'direction': 'neutral'}","{'name': 'contains_finance_terms', 'score': 0.0, 'label': 'False', 'metadata': {}, 'kind': 'code', 'direction': 'maximize'}",hallucinated,1,"The query asks about the relationship between the third type of vulnerability and the behavior of financial institutions. The reference text provides information about the third type of vulnerability, which is excessive leverage in the financial sector. It explains that when financial institutions face losses, they may be forced to reduce lending and sell assets, which can compress credit supply to the real economy. This directly relates to the behavior of financial institutions in response to excessive leverage. The answer provided is ""我不知道（證據不足）"" which translates to ""I don't know (insufficient evidence)."" This answer does not address the information provided in the reference text, which does contain relevant information to answer the query. Therefore, the answer is not based on the reference text and is considered a hallucination.",incorrect,0,"The question asks about the relationship between the third type of vulnerability and the behavior of financial institutions. The reference text provides a clear explanation of this relationship: it states that the third type of vulnerability involves the financial sector being overly leveraged, which can lead to forced reductions in lending and asset sales when losses occur, thereby compressing credit supply to the real economy. This directly answers the question about the connection between the third type of vulnerability and financial institution behavior. 

The answer provided is ""I don't know (insufficient evidence),"" which does not address the question at all. The reference text contains sufficient information to answer the question, indicating that the answer should not be ""I don't know."" Therefore, the answer is incorrect because it fails to utilize the available information to answer the question.",relevant,1,"The question asks about the relationship between the third type of vulnerability and the behavior of financial institutions. The reference text describes the third type of vulnerability as excessive leverage in the financial sector, which can lead to forced reductions in lending and asset sales when losses occur. This behavior directly affects the credit supply to the real economy. Therefore, the reference text provides information on how the third type of vulnerability is related to the actions of financial institutions, specifically in terms of their lending and asset management practices."
phoenix_gpt5mini_grounded,FSR-Q07,第四類 funding risk 為何會導致 run 風險？,因部分機構以可短期贖回資金投資較長天期或低流動性資產，壓力下投資人可能集中贖回引發擠兌。,我不知道（證據不足）,"['average. Issuance of collateralized loan obliga- tions (CLOs) and asset-backed securities (ABS) has been robust. 4. Funding risk. Domestic banks relied only modestly on short-term wholesale funding and continued to maintain sizable holdings of high-quality liquid assets (HQLA). By contrast, structural vulnerabilities persist in some types of MMFs and other cash-management vehicles as well as in bond and bank loan mutual funds. There are also funding-risk vul- nerabilities in the growing stablecoin sector. The report also details how near-term risks have changed since the May 2021 report based in part on the most frequently cited risks to U.S.', 'Z.1, “Financial accounts of the united States”; Federal Financial Institutions examination Council, Consolidated reports of Condition and Income (Call report); morningstar, Inc., morningstar Direct; moody’s analytics, Inc., CreditView, asset-Backed Commercial Paper Program Index. 46 FuNDING rISk Domestic banks continued to have high levels of liquid assets and stable funding HQLA continued to increase for all domestic banks in the first half of 2021, reflecting an increase in Treasury securities, central bank reserve balances, and agency mortgage-backed securities (MBS) ( -2). Reliance on short-term wholesale funding remained at low levels (', 'rong this year, and capital ratios remained well in excess of regulatory requirements. Some challenging conditions remain due to compressed net interest margins and loans in the sectors most affected by the COVID-19 pandemic. Leverage at broker-dealers was low. Leverage continued 8 oVer VIew to be high by historical standards at life insurance companies, and hedge fund leverage remained somewhat above its historical average. Issuance of collateralized loan obliga- tions (CLOs) and asset-backed securities (ABS) has been robust. 4. Funding risk. Domestic banks relied only modestly on short-term wholesale funding and continued to maintain sizabl', 'data; Bureau of Labor Statistics, consumer price index via Haver analytics. 48 FuNDING rISk less transparent and regulated than MMFs. Currently, between $400 billion and $1 trillion of these vehicles’ assets are in portfolios similar to those of U.S. prime funds, and a wave of redemptions from them could destabilize short-term funding markets. Some stablecoins are vulnerable, and the sector continues to grow Stablecoins are digital assets that are issued and transferred using distributed ledger technol- ogies and are purported to maintain a stable value relative to a national currency or other reference asset or assets. The value of stablecoi']","{'status': 'COMPLETED', 'exceptions': [], 'execution_seconds': 7.605552673339844e-05}","{'status': 'COMPLETED', 'exceptions': [], 'execution_seconds': 7.700920104980469e-05}","{'name': 'answer_length', 'score': 10.0, 'metadata': {}, 'kind': 'code', 'direction': 'neutral'}","{'name': 'contains_finance_terms', 'score': 0.0, 'label': 'False', 'metadata': {}, 'kind': 'code', 'direction': 'maximize'}",hallucinated,1,"The query asks why the fourth type of funding risk leads to run risk. The reference text explains that some institutions invest short-term redeemable funds in longer-term or less liquid assets, and under stress, investors may concentrate redemptions, causing a run. This directly answers the query by explaining the mechanism of how funding risk can lead to run risk. The answer provided is ""I don't know (insufficient evidence),"" which does not address the query or utilize the information in the reference text. Therefore, the answer is not based on the reference text and is considered a hallucination.",incorrect,0,"The question asks why the fourth type of funding risk can lead to a run risk. The reference text provides a clear explanation: it states that some institutions invest short-term redeemable funds in longer-term or less liquid assets, and under stress, investors may concentrate on redeeming, causing a run. This directly answers the question by explaining the mechanism of how funding risk can lead to run risk. However, the given answer is 'I don't know (insufficient evidence)', which does not address the question or provide any explanation. Therefore, the answer is incorrect as it does not utilize the information provided in the reference text to answer the question.",relevant,1,"The question asks why the fourth type of funding risk can lead to run risk. The reference text explains that some institutions invest in long-term or low-liquidity assets using funds that can be redeemed in the short term. Under stress, investors may concentrate their redemptions, leading to a run. This directly addresses the question by explaining the mechanism through which funding risk can lead to run risk, making the reference text relevant to the question."
phoenix_gpt5mini_grounded,FSR-Q08,報告提到的 CCyB 與壓力測試有何關係？,金融穩定監測所蒐集資訊可協助聯準會設定壓力測試情境，並支援逆週期資本緩衝（CCyB）決策。,報告指出，監測金融穩定所獲資訊會用來協助擬定壓力測試情境並決定逆周期資本緩衝（CCyB），且壓力測試情境會納入評估出的顯著風險及在金融失衡上升時使測試更為嚴格，二者互為設計與風險識別的依據 [E1][E3].,"['severe financial stress and disrupt the flow of credit, leading to high unemployment and great financial hardship. Monitoring and assessing financial stability also support the Federal Reserve’s regulatory and supervisory activities, which promote the safety and soundness of our nation’s banks and other impor- tant financial institutions. Information gathered while monitoring the stability of the finan- cial system helps the Federal Reserve develop its view of the salient risks to be included in the scenarios of the stress tests and its setting of the countercyclical capital buffer (CCyB).1 The Board’s is similar to those published by other', 'helps the Federal Reserve develop its view of the salient risks to be included in the scenarios of the stress tests and its setting of the countercyclical capital buffer (CCyB).1 The Board’s is similar to those published by other central banks and complements the annual report of the Financial Stability Oversight Council (FSOC), which is chaired by the Secretary of the Treasury and includes the Federal Reserve Board Chair and other financial regulators. 1 More information on the Federal Reserve’s supervisory and regulatory activities is available on the Board’s website; see of the Federal Reserve System (2021), Supervision and Regulation Repo', 'ions have included requirements for more and higher- quality capital, an innovative stress-testing regime, new liquidity regulation, and improve- ments in the resolvability of such BHCs. In addition, the Federal Reserve’s assessment of financial vulnerabilities informs the design of stress-test scenarios and decisions regarding the CCyB. The stress scenarios incorporate some systematic elements to make the tests more stringent when financial imbalances are rising, and the assessment of vulnerabilities also helps identify salient risks that can be included in the scenarios. The CCyB is designed to increase the resilience of large banking organ', 'ral Reserve System (2021), “Federal Reserve Announces Temporary and Additional Restrictions on Bank Holding Company Dividends and Share Repurchases Currently in Place Will End for Most Firms after June 30, Based on Results from Upcoming Stress Test,” press release, March 25, pressreleases/bcreg20210325a.htm. This action followed a previous announcement by the Federal Reserve that allowed banks to resume share repurchases in the first quarter of 2021 following the release of the results from the second round of bank stress tests for 2020. 19 In March 2020, the Board approved a final rule creating a stress capital buffer requirement for large b']","{'status': 'COMPLETED', 'exceptions': [], 'execution_seconds': 7.915496826171875e-05}","{'status': 'COMPLETED', 'exceptions': [], 'execution_seconds': 0.00011181831359863281}","{'name': 'answer_length', 'score': 104.0, 'metadata': {}, 'kind': 'code', 'direction': 'neutral'}","{'name': 'contains_finance_terms', 'score': 1.0, 'label': 'True', 'metadata': {}, 'kind': 'code', 'direction': 'maximize'}",hallucinated,1,"The query asks about the relationship between CCyB and stress testing as mentioned in the report. The reference text states that the information collected by financial stability monitoring helps the Federal Reserve set stress test scenarios and supports CCyB decisions. The answer correctly states that the information from financial stability monitoring is used to help formulate stress test scenarios and decide on CCyB. However, the answer adds details about stress test scenarios including significant risks and making tests stricter during financial imbalances, which are not mentioned in the reference text. Therefore, the additional details in the answer are not supported by the reference text, making the answer partially hallucinated.",incorrect,0,"The question asks about the relationship between CCyB (Countercyclical Capital Buffer) and stress testing as mentioned in the report. The reference text states that the information collected by financial stability monitoring helps the Federal Reserve set stress test scenarios and supports CCyB decisions. The answer provided states that the information obtained from monitoring financial stability is used to assist in formulating stress test scenarios and deciding on CCyB. It also mentions that stress test scenarios will include significant risks and become stricter when financial imbalances rise, serving as a basis for design and risk identification. 

The reference text confirms that the information is used for setting stress test scenarios and supporting CCyB decisions, which aligns with the first part of the answer. However, the additional details in the answer about stress test scenarios including significant risks and becoming stricter are not mentioned in the reference text. Therefore, the answer includes information not supported by the reference text, making it partially correct but not fully aligned with the reference.",relevant,1,"The question asks about the relationship between CCyB (Countercyclical Capital Buffer) and stress testing as mentioned in a report. The reference text states that the information collected by financial stability monitoring can assist the Federal Reserve in setting stress test scenarios and support decisions regarding the CCyB. This directly addresses the question by explaining that the information used for stress testing is also used to make decisions about the CCyB, thus establishing a relationship between the two."
